№,Время создания,Где ты сейчас учишься?,Сколько олимпиад было у тебя начиная с 8 класса?,"Случалось пропустить регистрацию на олимпиаду, в которой хотелось участвовать?",Если случалось пропустить — почему? / Сроки стали известны слишком поздно,"Если случалось пропустить — почему? / Сроки были известны, но вылетело из головы","Если случалось пропустить — почему? / Было непонятно, где и как регистрироваться",Если случалось пропустить — почему? / Совпало с другими делами,Если случалось пропустить — почему? / Не случалось,Откуда обычно узнаёшь о сроках олимпиад? / От учителя,Откуда обычно узнаёшь о сроках олимпиад? / От друзей,Откуда обычно узнаёшь о сроках олимпиад? / На сайтах олимпиад,Откуда обычно узнаёшь о сроках олимпиад? / На olimpiada.ru,Откуда обычно узнаёшь о сроках олимпиад? / В каналах и соцсетях,Откуда обычно узнаёшь о сроках олимпиад? / Случайно,"Где хранишь дедлайны олимпиад? / Нигде, держу в голове",Где хранишь дедлайны олимпиад? / В заметках,Где хранишь дедлайны олимпиад? / В календаре,Где хранишь дедлайны олимпиад? / В чате,Где хранишь дедлайны олимпиад? / Другое,Помогла ли олимпиада при поступлении?,"Пригодился бы тебе бот в мессенджере, который напоминает о регистрации и турах олимпиад?"
1,2026-09-29 12:30:00,2 курс,Больше 5,"Да, больше трёх раз",Сроки стали известны слишком поздно,"Сроки были известны, но вылетело из головы",,,,От учителя,От друзей,На сайтах олимпиад,,В каналах и соцсетях,,"Нигде, держу в голове",В заметках,,,,"Да, дополнительные баллы",Да
2,2026-09-29 12:31:37,2 курс,Больше 5,"Да, 2–3 раза",,"Сроки были известны, но вылетело из головы","Было непонятно, где и как регистрироваться",Совпало с другими делами,,,От друзей,На сайтах олимпиад,,В каналах и соцсетях,,"Нигде, держу в голове",,,,,"Да, 100 баллов за ЕГЭ",Да
3,2026-09-29 12:34:19,2 курс,Больше 5,"Да, один раз",,"Сроки были известны, но вылетело из головы",,Совпало с другими делами,,От учителя,От друзей,,,В каналах и соцсетях,Случайно,"Нигде, держу в голове",,,В чате,,"Да, БВИ",Да
4,2026-09-29 12:36:15,2 курс,Больше 5,"Да, 2–3 раза",Сроки стали известны слишком поздно,,"Было непонятно, где и как регистрироваться",,,От учителя,,,,,,"Нигде, держу в голове",,,,,"Да, БВИ",Да
5,2026-09-29 12:36:38,2 курс,3–5,"Да, один раз",,"Сроки были известны, но вылетело из головы",,,,От учителя,От друзей,,,,,,В заметках,,,,"Да, дополнительные баллы",Скорее да
6,2026-09-29 12:37:06,2 курс,Больше 5,"Да, больше трёх раз",Сроки стали известны слишком поздно,"Сроки были известны, но вылетело из головы",,Совпало с другими делами,,От учителя,От друзей,На сайтах олимпиад,На olimpiada.ru,В каналах и соцсетях,,,,В календаре,,,"Да, БВИ",Да
7,2026-09-29 12:38:38,2 курс,Больше 5,"Да, больше трёх раз",Сроки стали известны слишком поздно,"Сроки были известны, но вылетело из головы",,,,От учителя,,,,,,"Нигде, держу в голове",,,,,"Да, дополнительные баллы",Да
8,2026-09-29 12:38:39,2 курс,3–5,Нет,,,,,Не случалось,,От друзей,,,,,"Нигде, держу в голове",,,,,"Да, БВИ",Нет
9,2026-09-29 12:38:50,2 курс,Ни одной,Нет,,,,,Не случалось,,,,,,Случайно,"Нигде, держу в голове",,,,,Олимпиад не было,Нет
10,2026-09-29 12:39:53,2 курс,1–2,Нет,,,,,Не случалось,От учителя,От друзей,,,,,,,,В чате,,"Да, дополнительные баллы",Да
11,2026-09-29 12:40:58,2 курс,Больше 5,"Да, 2–3 раза",,"Сроки были известны, но вылетело из головы",,Совпало с другими делами,,,,На сайтах олимпиад,На olimpiada.ru,В каналах и соцсетях,,,,В календаре,,,"Да, БВИ",Да
12,2026-09-29 12:50:39,2 курс,1–2,Нет,,,,,Не случалось,От учителя,,,,,,"Нигде, держу в голове",,,,,Нет,Скорее нет
13,2026-09-29 12:56:40,2 курс,Больше 5,Нет,,,,,Не случалось,,,На сайтах олимпиад,,В каналах и соцсетях,,,В заметках,,,,"Да, БВИ",Скорее да
14,2026-09-29 12:56:50,2 курс,3–5,"Да, один раз",Сроки стали известны слишком поздно,"Сроки были известны, но вылетело из головы","Было непонятно, где и как регистрироваться",,,,,На сайтах олимпиад,,,Случайно,"Нигде, держу в голове",,,,,Нет,Да
15,2026-09-29 13:02:32,2 курс,3–5,"Да, больше трёх раз",,,"Было непонятно, где и как регистрироваться",Совпало с другими делами,,,,,,,Случайно,"Нигде, держу в голове",,,,,Нет,Да
16,2026-09-29 13:02:43,2 курс,Больше 5,"Да, 2–3 раза",,"Сроки были известны, но вылетело из головы",,Совпало с другими делами,,,,На сайтах олимпиад,На olimpiada.ru,,Случайно,"Нигде, держу в голове",,,,,"Да, БВИ",Скорее нет
17,2026-09-29 13:20:00,1 курс,Больше 5,"Да, один раз",,"Сроки были известны, но вылетело из головы",,,,От учителя,,На сайтах олимпиад,,,Случайно,"Нигде, держу в голове",,,В чате,,Нет,Да
18,2026-09-29 13:36:33,2 курс,1–2,"Да, один раз",Сроки стали известны слишком поздно,,,,,От учителя,От друзей,На сайтах олимпиад,,В каналах и соцсетях,,,,В календаре,,,"Да, дополнительные баллы",Нет
19,2026-09-29 13:49:51,2 курс,Ни одной,Нет,,,,,Не случалось,От учителя,,,,,,"Нигде, держу в голове",,,,,Олимпиад не было,Скорее да
20,2026-09-29 13:56:21,2 курс,Больше 5,Нет,,,,,Не случалось,,,На сайтах олимпиад,,,,"Нигде, держу в голове",,,В чате,,"Да, БВИ",Нет
21,2026-09-29 13:57:38,2 курс,Больше 5,"Да, больше трёх раз",Сроки стали известны слишком поздно,"Сроки были известны, но вылетело из головы",,,,,От друзей,На сайтах олимпиад,,В каналах и соцсетях,,,,,В чате,,"Да, БВИ",Да
22,2026-09-29 14:07:14,2 курс,Больше 5,Нет,,,,,Не случалось,От учителя,,На сайтах олимпиад,,,,"Нигде, держу в голове",,,,,Нет,Да
23,2026-09-29 14:07:50,2 курс,Больше 5,"Да, один раз",,"Сроки были известны, но вылетело из головы",,,,,От друзей,На сайтах олимпиад,На olimpiada.ru,,,,,В календаре,,,"Да, БВИ",Скорее да
24,2026-09-29 14:32:04,2 курс,1–2,Нет,,,,,Не случалось,От учителя,,,,,,"Нигде, держу в голове",,,,,Нет,Скорее да
25,2026-09-29 14:33:17,2 курс,1–2,Нет,,,,,Не случалось,,,,,,Случайно,"Нигде, держу в голове",,,,,Олимпиад не было,Скорее нет
26,2026-09-29 14:36:19,2 курс,Ни одной,Нет,,,,,Не случалось,От учителя,,На сайтах олимпиад,,,,"Нигде, держу в голове",,,,,Олимпиад не было,Скорее да
27,2026-09-29 14:56:15,2 курс,3–5,Нет,,,,Совпало с другими делами,,От учителя,От друзей,,,В каналах и соцсетях,,"Нигде, держу в голове",,В календаре,,,Нет,Нет
28,2026-09-29 19:21:00,2 курс,Больше 5,"Да, один раз",,"Сроки были известны, но вылетело из головы",,Совпало с другими делами,,,,На сайтах олимпиад,,В каналах и соцсетях,Случайно,,В заметках,В календаре,,,"Да, БВИ",Нет
